loss,grad_norm,learning_rate,epoch,step,eval_loss,eval_validacion_cosine_accuracy,eval_runtime,eval_samples_per_second,eval_steps_per_second,train_runtime,train_samples_per_second,train_steps_per_second,total_flos,train_loss
2.1152538299560546,17.85009002685547,1.928571428571429e-05,0.15873015873015872,10,,,,,,,,,,
1.1391862869262694,16.744197845458984,1.5714285714285715e-05,0.31746031746031744,20,,,,,,,,,,
1.1450984954833985,17.00876235961914,1.2142857142857142e-05,0.47619047619047616,30,,,,,,,,,,
1.0137665748596192,inf,8.571428571428571e-06,0.6349206349206349,40,,,,,,,,,,
1.0844980239868165,24.209823608398438,5.7142857142857145e-06,0.7936507936507936,50,,,,,,,,,,
,,,0.7936507936507936,50,0.8745901584625244,1.0,24.4767,16.342,0.531,,,,,
0.9918445587158203,18.561084747314453,2.1428571428571427e-06,0.9523809523809523,60,,,,,,,,,,
,,,1.0,63,0.8610504865646362,1.0,22.2273,17.996,0.585,,,,,
,,,1.0,63,,,,,,476.2235,4.2,0.132,0.0,1.2313908660222614
